epoch,train_loss,train_acc,val_loss,val_acc,val_f1,lr
1,2.079736557090325,0.12912587876376178,2.079248907026659,0.030554008047044258,0.007412034645555782,0.00075
2,2.0794780561566304,0.17047353760445683,2.078359091769649,0.12404209223150728,0.027588400178424906,0.0002500000000000001
3,2.0794541720177677,0.16696378830083566,2.07762897291334,0.2970349736923553,0.05725269166157605,0.0
