epoch,train_loss,train_acc,val_loss,val_acc,val_f1,lr
1,2.079739280697648,0.15087412123623822,2.077059620872292,0.14188177034973692,0.031063148137105562,0.00075
2,2.0794865881161755,0.16329486669319537,2.078699370906361,0.16733519034354688,0.03583700545648335,0.0002500000000000001
